[
  {
    "customer": null,
    "order": {
      "id": 117,
      "customer": {
        "id": 3153,
        "emailID": "ap@gmail.com",
        "suffix": "third",
        "homePhone": "9676476493",
        "customrType": "Gold",
        "fax": "12560777",
        "middleName": "guptha",
        "businessPhone": "098765432",
        "firstName": "akhila",
        "lastName": "puram",
        "title": "Ms"
      },
      "splittingPreference": 0,
      "specialInstructions": "order at door step",
      "shippingAmount": 234324.67,
      "shippingMethod": "leg",
      "orderDate": null,
      "priceAmount": 837932.0,
      "shippingAddress": null,
      "ordersSubtotal": 12345.0,
      "status": null
    },
    "orderitem": [    
      {
        "id": 2402,
        "content": null,
        "order": null,
        "shippingCurrency": null,
        "unitPriceCurrency": null,
        "description": "odi 1",
        "orderLineID": 0,
        "quantity": 10,
        "productID": 0,
        "taxCurrency": null,
        "taxAmount": 789.0,
        "msrpamount": 0.0,
        "shippingAmount": 0.0,
        "unitPriceAmount": 0.0,
        "msrpcurrency": null
      },
      {
        "id": 2403,
        "content": null,
        "order": null,
        "shippingCurrency": null,
        "unitPriceCurrency": null,
        "description": "odi 2",
        "orderLineID": 0,
        "quantity": 1,
        "productID": 0,
        "taxCurrency": null,
        "taxAmount": 78090.0,
        "msrpamount": 0.0,
        "shippingAmount": 0.0,
        "unitPriceAmount": 0.0,
        "msrpcurrency": null
      }
    ]
  }
]
